[
  {
    "id": "schedule_001_test_user",
    "title": "マイタスク（公開）",
    "description": "今週中にやるべき重要なタスクです。",
    "startTime": "2025-06-15T10:00:00",
    "endTime": "2025-06-15T11:30:00",
    "isAllDay": false,
    "participants": [
      "tomoya"
    ],
    "createdBy": "tomoya",
    "isPrivate": false
  },
  {
    "id": "schedule_002_test_user_private",
    "title": "歯医者の予約",
    "description": "定期健診とクリーニング。",
    "startTime": "2025-06-16T00:00:00",
    "endTime": "2025-06-16T23:59:59",
    "isAllDay": true,
    "participants": [
      "tomoya"
    ],
    "createdBy": "tomoya",
    "isPrivate": true
  },
  {
    "id": "schedule_003_group_tech",
    "title": "技術部 定例会議",
    "description": "今週の進捗報告と来週の計画について。",
    "startTime": "2025-06-17T14:00:00",
    "endTime": "2025-06-17T15:00:00",
    "isAllDay": false,
    "groupId": "grp_g01",
    "participants": [
      "tomoya",
      "tanaka",
      "sato"
    ],
    "createdBy": "tomoya",
    "isPrivate": false
  },
  {
    "id": "schedule_004_tanaka_public",
    "title": "田中さんの顧客訪問",
    "description": "A社への提案資料持参。",
    "startTime": "2025-06-15T15:00:00",
    "endTime": "2025-06-15T16:00:00",
    "isAllDay": false,
    "participants": [
      "tanaka"
    ],
    "createdBy": "tanaka",
    "isPrivate": false
  }
]