{
  "grp_f4673c2b": {
    "id": "grp_f4673c2b",
    "name": "グループ",
    "createdBy": "tomoya",
    "members": [
      "tomoya",
      "tanaka",
      "sato",
      "suzuki"
    ]
  },
  "grp_83776a34": {
    "id": "grp_83776a34",
    "name": "test_group",
    "createdBy": "tomoya",
    "members": [
      "tomoya",
      "tanaka"
    ]
  },
  "grp_e2a8ca32": {
    "id": "grp_e2a8ca32",
    "name": "newTest",
    "createdBy": "sato",
    "members": [
      "tomoya",
      "tanaka",
      "suzuki",
      "sato"
    ]
  },
  "grp_fb63f9a7": {
    "id": "grp_fb63f9a7",
    "name": "test2",
    "createdBy": "sato",
    "members": [
      "tomoya",
      "tanaka",
      "sato"
    ]
  },
  "grp_g02": {
    "id": "grp_g02",
    "name": "営業部",
    "createdBy": "sato",
    "members": [
      "sato",
      "suzuki"
    ]
  },
  "grp_g01": {
    "id": "grp_g01",
    "name": "技術部",
    "createdBy": "tomoya",
    "members": [
      "tomoya",
      "tanaka",
      "sato"
    ]
  }
}