[
  {
    "id": "schedule_001_test_user",
    "title": "マイタスク（公開）",
    "description": "今週中にやるべき重要なタスクです。",
    "startTime": "2025-06-15T10:00:00",
    "endTime": "2025-06-15T11:30:00",
    "isAllDay": false,
    "participants": [
      "tomoya"
    ],
    "createdBy": "tomoya",
    "isPrivate": false
  },
  {
    "id": "schedule_002_test_user_private",
    "title": "歯医者の予約",
    "description": "定期健診とクリーニング。",
    "startTime": "2025-06-16T00:00:00",
    "endTime": "2025-06-16T23:59:59",
    "isAllDay": true,
    "participants": [
      "tomoya"
    ],
    "createdBy": "tomoya",
    "isPrivate": true
  },
  {
    "id": "schedule_003_group_tech",
    "title": "技術部 定例会議",
    "description": "今週の進捗報告と来週の計画について。",
    "startTime": "2025-06-17T14:00:00",
    "endTime": "2025-06-17T15:00:00",
    "isAllDay": false,
    "groupId": "grp_g01",
    "participants": [
      "tomoya",
      "tanaka",
      "sato"
    ],
    "createdBy": "tomoya",
    "isPrivate": false
  },
  {
    "id": "schedule_004_tanaka_public",
    "title": "田中さんの顧客訪問",
    "description": "A社への提案資料持参。",
    "startTime": "2025-06-15T15:00:00",
    "endTime": "2025-06-15T16:00:00",
    "isAllDay": false,
    "participants": [
      "tanaka"
    ],
    "createdBy": "tanaka",
    "isPrivate": false
  },
  {
    "id": "ffd38c0d-4877-4caf-897d-4dba2c655414",
    "title": "sato",
    "description": "",
    "startTime": "2025-06-16T00:00:00",
    "endTime": "2025-06-16T23:59:59",
    "isAllDay": true,
    "participants": [
      "sato"
    ],
    "createdBy": "sato",
    "isPrivate": false
  },
  {
    "id": "db0630cd-5824-4ae7-b9f4-d3ccb4f63264",
    "title": "tanaka_test1",
    "description": "",
    "startTime": "2025-06-16T00:00:00",
    "endTime": "2025-06-16T23:59:59",
    "isAllDay": true,
    "participants": [
      "tanaka"
    ],
    "createdBy": "tanaka",
    "isPrivate": false
  },
  {
    "id": "27e3f55e-f96d-4205-bd3f-9c3cf3fd6f83",
    "title": "t",
    "description": "",
    "startTime": "2025-06-17T00:00:00",
    "endTime": "2025-06-17T23:59:59",
    "isAllDay": true,
    "groupId": "grp_fb63f9a7",
    "participants": [
      "tomoya",
      "tanaka",
      "sato"
    ],
    "createdBy": "tomoya",
    "isPrivate": false
  },
  {
    "id": "d38defbd-450f-4039-93a7-667da5231254",
    "title": "test",
    "description": "",
    "startTime": "2025-06-17T00:00:00",
    "endTime": "2025-06-17T23:59:59",
    "isAllDay": true,
    "groupId": "grp_83776a34",
    "participants": [
      "tomoya",
      "tanaka"
    ],
    "createdBy": "tomoya",
    "isPrivate": false
  },
  {
    "id": "a00e6b0d-f1e1-43b1-98e7-62c2c23128cb",
    "title": "test1",
    "description": "",
    "startTime": "2025-06-18T00:00:00",
    "endTime": "2025-06-18T23:59:59",
    "isAllDay": true,
    "groupId": "grp_83776a34",
    "participants": [
      "tomoya",
      "tanaka"
    ],
    "createdBy": "tomoya",
    "isPrivate": false
  },
  {
    "id": "c88fd0df-33b2-4d93-b2b3-e04268dfc6c2",
    "title": "tomoya 非公開",
    "description": "",
    "startTime": "2025-06-19T00:00:00",
    "endTime": "2025-06-19T23:59:59",
    "isAllDay": true,
    "participants": [
      "tomoya"
    ],
    "createdBy": "tomoya",
    "isPrivate": true
  },
  {
    "id": "9af91cca-0218-43d8-9081-69b0f2cbb84a",
    "title": "グループ",
    "description": "",
    "startTime": "2025-06-17T00:00:00",
    "endTime": "2025-06-17T23:59:59",
    "isAllDay": true,
    "groupId": "grp_f4673c2b",
    "participants": [
      "tomoya",
      "tanaka",
      "sato",
      "suzuki"
    ],
    "createdBy": "tomoya",
    "isPrivate": false
  }
]